controller,saturation,delta_abs_q50_s,delta_abs_q90_s,delta_abs_q95_s,delta_rel_q90_s,dataset,weight_mode,controller_label,n_instances,sat_gap_vs_star,delta90_penalty_vs_star_s,delta_rel90_penalty_vs_star_s
star,0.9724220103313826,1.2,1.85,2.25,1.8,ngsim_pooled,severity,Upper bound,219201,0.0,0.0,0.0
pi,0.46642792763871316,,,,1.65,ngsim_pooled,severity,Weak TTC,219201,0.5059940826926694,,-0.15000000000000013
pi_tuned,0.9114046630862112,1.2,2.25,,1.75,ngsim_pooled,severity,Strong TTC,219201,0.061017347245171494,0.3999999999999999,-0.050000000000000044
pi_sd,0.9167022439013549,1.2,2.15,,1.7,ngsim_pooled,severity,Stopping-distance,219201,0.05571976643002774,0.2999999999999998,-0.10000000000000009
rss_longitudinal,0.9209837142151432,1.2,2.15,,1.75,ngsim_pooled,severity,RSS longitudinal,219201,0.0514382961162394,0.2999999999999998,-0.050000000000000044
